{
    "Karachi": [24.8607, 67.0011],
    "Lahore": [31.5204, 74.3587],
    "Islamabad": [33.6844, 73.0479],
    "Faisalabad": [31.4504, 73.1350],
    "Rawalpindi": [33.6007, 73.0679],
    "Gilgit": [35.920834, 74.308334],
    "Bhawalpur": [29.4000, 71.6833],
    "Multan": [30.1978, 71.4711],
    "Sialkot": [32.4945, 74.5222],
    "Sargodha": [32.0836, 72.6711],
    "Sukkur": [27.7052, 68.8574],
    "Larkana": [27.5556, 68.2142],
    "Sheikhupura": [31.7131, 73.9783],
    "Rahim Yar Khan": [28.4202, 70.2957],
    "Jhang": [31.2682, 72.3181],
    "Dera Ghazi Khan": [30.0561, 70.6348],
    "Gujrat": [32.5728, 74.0790],
    "Kasur": [31.1150, 74.4468],
    "Mardan": [34.2019, 72.0520],
    "Mingora": [34.7792, 72.3620],
    "Dera Ismail Khan": [31.8329, 70.9024],
    "Nawabshah": [26.2483, 68.4095],
    "Sahiwal": [30.6667, 73.1000],
    "Mirpur Khas": [25.5260, 69.0113],
    "Okara": [30.8100, 73.4597],
    "Mandi Bahauddin": [32.5877, 73.4913],
    "Chiniot": [31.7200, 72.9783],
    "Shahkot": [31.5700, 73.4800],
    "Kamoke": [31.9744, 74.2244],
    "Sanghar": [26.0466, 68.9487],
    "Hafizabad": [32.0678, 73.6880],
    "Lodhran": [29.5400, 71.6300],
    "Jamshoro": [25.4364, 68.2822],
    "Kohat": [33.5867, 71.4419],
    "Jacobabad": [28.2769, 68.4514],
    "Shikarpur": [27.9575, 68.6378],
    "Muzaffargarh": [30.0703, 71.1939],
    "Khanewal": [30.3019, 71.9326],
    "Khairpur": [27.5290, 68.7617],
    "Pakpattan": [30.3500, 73.4000],
    "Jhelum": [32.9337, 73.7278],
    "Khanpur": [28.6500, 70.6500],
    "Tando Allahyar": [25.4667, 68.7167],
    "Dera Allahyar": [28.4167, 68.3500],
    "Vihari": [30.0417, 72.3522],
    "Umerkot": [25.3617, 69.7367],
    "Burewala": [30.1667, 72.6500],
    "Mianwali": [32.5833, 71.5500],
    "Muzaffarabad": [34.3700, 73.4700],
    "Attock": [33.7667, 72.3500],
    "Chaman": [30.9167, 66.4500],
    "Timargara": [34.8283, 71.8392],
    "Gwadar": [25.1216, 62.3254],
    "Kotli": [33.5167, 73.9167],
    "Turbat": [25.9911, 63.0711],
    "Dera Murad Jamali": [28.5333, 68.2167],
    "Parachinar": [33.8950, 70.1000],
    "Ghotki": [28.0064, 69.3166],
    "Kohlu": [29.8967, 69.2539],
    "Khuzdar": [27.8000, 66.6167],
    "Awaran": [26.4561, 65.2311],
    "Barkhan": [29.8975, 69.5250],
    "Chilas": [35.4167, 74.1000],
    "Qila Saifullah": [30.7000, 68.6000],
    "Zhob": [31.3417, 69.4481],
    "Mastung": [29.7997, 66.8450],
    "Daggar": [34.5111, 72.4847],
    "Thatta": [24.7461, 67.9239],
    "Gandawah": [28.6133, 67.4850],
    "Bagh": [33.9800, 73.7800],
    "Badin": [24.6550, 68.8380],
    "Mansehra": [34.3419, 73.1968],
    "Ziarat": [30.3811, 67.7250],
    "Loralai": [30.3700, 68.6000],
    "Dera Bugti": [29.0361, 69.1589],
    "Hangu": [33.5333, 71.0667],
    "Upper Dir": [35.2075, 71.8764],
    "Naushahro Firoz": [26.8400, 68.1200],
    "Astore": [35.3736, 74.8736],
    "Wazirabad": [32.4500, 74.1167],
    "Hyderabad": [25.3792, 68.3683],
    "Tharparkar": [24.8500, 70.3833],
    "Bannu": [32.9833, 70.6000],
    "Toba Tek Singh": [30.9667, 72.4833]

}